,"f1-1","f1-2","f1-3","f1-4","i1-1","i1-2","i1-3","i1-4","l1-1","l1-2","l1-3","l1-4","f2-1","f2-2","i2-1","i2-2","l2-1","l2-2","l2-3","l2-4","f3-1","f3-2","f3-3","f3-4","i3-1","i3-2","i3-3","i3-4","l3-1","l3-2","f4-3","f4-4","f4-1","f4-2","i4-1","i4-2","i4-3","i4-4","f5-1","f5-2","f5-3","f5-4","i5-1","i5-2","i5-3","i5-4","l5-1","l5-2","l5-3","l5-4","f6-1","f6-2","f6-3","f6-4","i6-1","i6-2","i6-3","i6-4","l6-1","l6-2","l6-3","l6-4","f8-1","f8-2","i8-3","l8-1","f8-3","f8-4","f9-1","f9-2","i9-2","l9-1","l9-2","l9-3","f10-1","f10-2","f10-3","f10-4","i10-1","i10-2","i10-3","i10-4","l10-1","l10-2","l10-2","f11-1","f11-2","f11-3","f11-4","i11-1","i11-2","i11-3","i11-4","l11-1","l11-2","l11-3","l11-4","f12-1","f12-2","f12-3","f12-4","i12-1","i12-2","i12-3","i12-4","l12-1","l12-2","f13-1","f13-2","f13-3","f13-4","i13-1","i13-2","i13-3","i13-4","l13-1","l13-2","l13-3","l13-4","f14-1","f14-2","f14-3","f14-4","i14-1","i14-2","l14-1","l14-2","l14-3"
"f1-1",,,,,,,,,,,,,,,,,,,,,,,,,,,,,,,,,,,,,,,,,,,,,,,,,,,,,,,,,,,,,,,,,,,,,,,,,,,,,,,,,,,,,,,,,,,,,,,,,,,,,,,,,,,,,,,,,,,,,,,,,,,,,,,,
"f1-2",99.85,,,,,,,,,,,,,,,,,,,,,,,,,,,,,,,,,,,,,,,,,,,,,,,,,,,,,,,,,,,,,,,,,,,,,,,,,,,,,,,,,,,,,,,,,,,,,,,,,,,,,,,,,,,,,,,,,,,,,,,,,,,,,,,
"f1-3",99.9,99.92,,,,,,,,,,,,,,,,,,,,,,,,,,,,,,,,,,,,,,,,,,,,,,,,,,,,,,,,,,,,,,,,,,,,,,,,,,,,,,,,,,,,,,,,,,,,,,,,,,,,,,,,,,,,,,,,,,,,,,,,,,,,,,
"f1-4",99.75,99.83,99.9,,,,,,,,,,,,,,,,,,,,,,,,,,,,,,,,,,,,,,,,,,,,,,,,,,,,,,,,,,,,,,,,,,,,,,,,,,,,,,,,,,,,,,,,,,,,,,,,,,,,,,,,,,,,,,,,,,,,,,,,,,,,,
"i1-1",99.89,99.9,99.98,99.94,,,,,,,,,,,,,,,,,,,,,,,,,,,,,,,,,,,,,,,,,,,,,,,,,,,,,,,,,,,,,,,,,,,,,,,,,,,,,,,,,,,,,,,,,,,,,,,,,,,,,,,,,,,,,,,,,,,,,,,,,,,,
"i1-2",99.8,99.88,99.93,99.97,99.95,,,,,,,,,,,,,,,,,,,,,,,,,,,,,,,,,,,,,,,,,,,,,,,,,,,,,,,,,,,,,,,,,,,,,,,,,,,,,,,,,,,,,,,,,,,,,,,,,,,,,,,,,,,,,,,,,,,,,,,,,,,
"i1-3",99.88,99.91,99.98,99.89,99.96,99.93,,,,,,,,,,,,,,,,,,,,,,,,,,,,,,,,,,,,,,,,,,,,,,,,,,,,,,,,,,,,,,,,,,,,,,,,,,,,,,,,,,,,,,,,,,,,,,,,,,,,,,,,,,,,,,,,,,,,,,,,,,
"i1-4",99.92,99.91,99.96,99.91,99.97,99.94,99.96,,,,,,,,,,,,,,,,,,,,,,,,,,,,,,,,,,,,,,,,,,,,,,,,,,,,,,,,,,,,,,,,,,,,,,,,,,,,,,,,,,,,,,,,,,,,,,,,,,,,,,,,,,,,,,,,,,,,,,,,,
"l1-1",99.95,99.89,99.93,99.83,99.93,99.87,99.9,99.95,,,,,,,,,,,,,,,,,,,,,,,,,,,,,,,,,,,,,,,,,,,,,,,,,,,,,,,,,,,,,,,,,,,,,,,,,,,,,,,,,,,,,,,,,,,,,,,,,,,,,,,,,,,,,,,,,,,,,,,,
"l1-2",99.96,99.89,99.93,99.8,99.92,99.87,99.93,99.95,99.95,,,,,,,,,,,,,,,,,,,,,,,,,,,,,,,,,,,,,,,,,,,,,,,,,,,,,,,,,,,,,,,,,,,,,,,,,,,,,,,,,,,,,,,,,,,,,,,,,,,,,,,,,,,,,,,,,,,,,,,
"l1-3",99.72,99.81,99.89,99.95,99.92,99.95,99.88,99.87,99.82,99.81,,,,,,,,,,,,,,,,,,,,,,,,,,,,,,,,,,,,,,,,,,,,,,,,,,,,,,,,,,,,,,,,,,,,,,,,,,,,,,,,,,,,,,,,,,,,,,,,,,,,,,,,,,,,,,,,,,,,,,
"l1-4",99.53,99.66,99.74,99.87,99.79,99.87,99.75,99.75,99.65,99.65,99.88,,,,,,,,,,,,,,,,,,,,,,,,,,,,,,,,,,,,,,,,,,,,,,,,,,,,,,,,,,,,,,,,,,,,,,,,,,,,,,,,,,,,,,,,,,,,,,,,,,,,,,,,,,,,,,,,,,,,,
"f2-1",99.28,99.47,99.58,99.81,99.65,99.76,99.58,99.58,99.46,99.4,99.85,99.83,,,,,,,,,,,,,,,,,,,,,,,,,,,,,,,,,,,,,,,,,,,,,,,,,,,,,,,,,,,,,,,,,,,,,,,,,,,,,,,,,,,,,,,,,,,,,,,,,,,,,,,,,,,,,,,,,,,,
"f2-2",99.86,99.88,99.94,99.94,99.95,99.97,99.93,99.94,99.91,99.92,99.94,99.83,99.69,,,,,,,,,,,,,,,,,,,,,,,,,,,,,,,,,,,,,,,,,,,,,,,,,,,,,,,,,,,,,,,,,,,,,,,,,,,,,,,,,,,,,,,,,,,,,,,,,,,,,,,,,,,,,,,,,,,
"i2-1",99.71,99.8,99.88,99.93,99.89,99.95,99.87,99.85,99.8,99.8,99.98,99.87,99.81,99.95,,,,,,,,,,,,,,,,,,,,,,,,,,,,,,,,,,,,,,,,,,,,,,,,,,,,,,,,,,,,,,,,,,,,,,,,,,,,,,,,,,,,,,,,,,,,,,,,,,,,,,,,,,,,,,,,,,
"i2-2",99.95,99.89,99.95,99.85,99.95,99.9,99.96,99.98,99.96,99.97,99.83,99.69,99.5,99.93,99.83,,,,,,,,,,,,,,,,,,,,,,,,,,,,,,,,,,,,,,,,,,,,,,,,,,,,,,,,,,,,,,,,,,,,,,,,,,,,,,,,,,,,,,,,,,,,,,,,,,,,,,,,,,,,,,,,,
"l2-1",99.95,99.89,99.96,99.81,99.94,99.85,99.94,99.95,99.95,99.95,99.8,99.61,99.41,99.88,99.77,99.97,,,,,,,,,,,,,,,,,,,,,,,,,,,,,,,,,,,,,,,,,,,,,,,,,,,,,,,,,,,,,,,,,,,,,,,,,,,,,,,,,,,,,,,,,,,,,,,,,,,,,,,,,,,,,,,,
"l2-2",99.93,99.89,99.94,99.83,99.93,99.9,99.94,99.96,99.94,99.98,99.84,99.7,99.46,99.93,99.84,99.97,99.95,,,,,,,,,,,,,,,,,,,,,,,,,,,,,,,,,,,,,,,,,,,,,,,,,,,,,,,,,,,,,,,,,,,,,,,,,,,,,,,,,,,,,,,,,,,,,,,,,,,,,,,,,,,,,,,
"l2-3",99.93,99.87,99.96,99.88,99.96,99.92,99.93,99.95,99.97,99.96,99.89,99.73,99.56,99.96,99.88,99.96,99.94,99.95,,,,,,,,,,,,,,,,,,,,,,,,,,,,,,,,,,,,,,,,,,,,,,,,,,,,,,,,,,,,,,,,,,,,,,,,,,,,,,,,,,,,,,,,,,,,,,,,,,,,,,,,,,,,,,
"l2-4",99.84,99.87,99.92,99.91,99.94,99.96,99.91,99.93,99.91,99.91,99.94,99.83,99.69,99.96,99.93,99.91,99.88,99.94,99.95,,,,,,,,,,,,,,,,,,,,,,,,,,,,,,,,,,,,,,,,,,,,,,,,,,,,,,,,,,,,,,,,,,,,,,,,,,,,,,,,,,,,,,,,,,,,,,,,,,,,,,,,,,,,,
"f3-1",99.89,99.91,99.97,99.88,99.96,99.93,99.96,99.95,99.94,99.95,99.91,99.75,99.6,99.95,99.89,99.95,99.95,99.96,99.97,99.96,,,,,,,,,,,,,,,,,,,,,,,,,,,,,,,,,,,,,,,,,,,,,,,,,,,,,,,,,,,,,,,,,,,,,,,,,,,,,,,,,,,,,,,,,,,,,,,,,,,,,,,,,,,,
"f3-2",99.8,99.83,99.91,99.96,99.94,99.97,99.89,99.92,99.89,99.86,99.96,99.85,99.76,99.97,99.95,99.89,99.84,99.89,99.94,99.97,99.92,,,,,,,,,,,,,,,,,,,,,,,,,,,,,,,,,,,,,,,,,,,,,,,,,,,,,,,,,,,,,,,,,,,,,,,,,,,,,,,,,,,,,,,,,,,,,,,,,,,,,,,,,,,
"f3-3",99.89,99.88,99.96,99.9,99.97,99.93,99.93,99.95,99.95,99.93,99.92,99.77,99.64,99.95,99.9,99.94,99.94,99.94,99.98,99.97,99.98,99.96,,,,,,,,,,,,,,,,,,,,,,,,,,,,,,,,,,,,,,,,,,,,,,,,,,,,,,,,,,,,,,,,,,,,,,,,,,,,,,,,,,,,,,,,,,,,,,,,,,,,,,,,,,
"f3-4",99.89,99.92,99.97,99.91,99.97,99.96,99.97,99.97,99.93,99.95,99.91,99.78,99.62,99.95,99.9,99.96,99.95,99.97,99.95,99.96,99.98,99.93,99.97,,,,,,,,,,,,,,,,,,,,,,,,,,,,,,,,,,,,,,,,,,,,,,,,,,,,,,,,,,,,,,,,,,,,,,,,,,,,,,,,,,,,,,,,,,,,,,,,,,,,,,,,,
"i3-1",99.94,99.85,99.91,99.78,99.9,99.82,99.9,99.95,99.94,99.95,99.73,99.59,99.33,99.86,99.72,99.95,99.95,99.95,99.92,99.86,99.9,99.83,99.9,99.92,,,,,,,,,,,,,,,,,,,,,,,,,,,,,,,,,,,,,,,,,,,,,,,,,,,,,,,,,,,,,,,,,,,,,,,,,,,,,,,,,,,,,,,,,,,,,,,,,,,,,,,,
"i3-2",99.86,99.84,99.9,99.83,99.9,99.88,99.9,99.91,99.9,99.91,99.85,99.71,99.56,99.9,99.84,99.91,99.88,99.92,99.92,99.91,99.92,99.88,99.92,99.92,99.89,,,,,,,,,,,,,,,,,,,,,,,,,,,,,,,,,,,,,,,,,,,,,,,,,,,,,,,,,,,,,,,,,,,,,,,,,,,,,,,,,,,,,,,,,,,,,,,,,,,,,,,
"i3-3",98.44,98.56,98.49,98.59,98.53,98.55,98.53,98.53,98.49,98.42,98.58,98.5,98.5,98.6,98.6,98.48,98.4,98.42,98.48,98.52,98.47,98.55,98.47,98.49,98.36,98.48,,,,,,,,,,,,,,,,,,,,,,,,,,,,,,,,,,,,,,,,,,,,,,,,,,,,,,,,,,,,,,,,,,,,,,,,,,,,,,,,,,,,,,,,,,,,,,,,,,,,,,
"i3-4",94.83,95,94.82,94.54,94.68,94.66,94.96,94.99,94.83,94.82,94.21,94.22,93.96,94.55,94.38,94.95,94.89,94.85,94.58,94.46,94.64,94.37,94.53,94.84,95.12,94.98,93.72,,,,,,,,,,,,,,,,,,,,,,,,,,,,,,,,,,,,,,,,,,,,,,,,,,,,,,,,,,,,,,,,,,,,,,,,,,,,,,,,,,,,,,,,,,,,,,,,,,,,,
"l3-1",99.88,99.84,99.91,99.88,99.93,99.9,99.88,99.93,99.93,99.92,99.9,99.76,99.61,99.94,99.88,99.91,99.88,99.92,99.96,99.94,99.93,99.93,99.95,99.92,99.9,99.92,98.55,94.66,,,,,,,,,,,,,,,,,,,,,,,,,,,,,,,,,,,,,,,,,,,,,,,,,,,,,,,,,,,,,,,,,,,,,,,,,,,,,,,,,,,,,,,,,,,,,,,,,,,,
"l3-2",99.84,99.75,99.8,99.71,99.8,99.79,99.78,99.8,99.85,99.88,99.79,99.6,99.42,99.87,99.8,99.84,99.8,99.86,99.89,99.84,99.85,99.81,99.84,99.82,99.78,99.86,98.47,94.49,99.89,,,,,,,,,,,,,,,,,,,,,,,,,,,,,,,,,,,,,,,,,,,,,,,,,,,,,,,,,,,,,,,,,,,,,,,,,,,,,,,,,,,,,,,,,,,,,,,,,,,
"f4-3",99.91,99.84,99.92,99.84,99.92,99.88,99.9,99.93,99.95,99.94,99.85,99.7,99.52,99.93,99.85,99.94,99.91,99.94,99.96,99.91,99.93,99.9,99.94,99.92,99.93,99.93,98.53,94.81,99.98,99.91,,,,,,,,,,,,,,,,,,,,,,,,,,,,,,,,,,,,,,,,,,,,,,,,,,,,,,,,,,,,,,,,,,,,,,,,,,,,,,,,,,,,,,,,,,,,,,,,,,
"f4-4",99.93,99.82,99.87,99.68,99.84,99.77,99.86,99.87,99.91,99.95,99.72,99.52,99.27,99.83,99.71,99.92,99.92,99.94,99.9,99.84,99.9,99.77,99.87,99.88,99.91,99.9,98.38,94.98,99.88,99.9,99.92,,,,,,,,,,,,,,,,,,,,,,,,,,,,,,,,,,,,,,,,,,,,,,,,,,,,,,,,,,,,,,,,,,,,,,,,,,,,,,,,,,,,,,,,,,,,,,,,,
"f4-1",99.15,99.14,99.23,99.31,99.27,99.28,99.24,99.3,99.19,99.18,99.24,99.24,99.15,99.26,99.23,99.26,99.17,99.18,99.21,99.19,99.18,99.24,99.21,99.24,99.19,99.2,97.78,94.76,99.27,99.26,99.25,99.15,,,,,,,,,,,,,,,,,,,,,,,,,,,,,,,,,,,,,,,,,,,,,,,,,,,,,,,,,,,,,,,,,,,,,,,,,,,,,,,,,,,,,,,,,,,,,,,,
"f4-2",99.86,99.85,99.92,99.85,99.91,99.89,99.93,99.92,99.89,99.92,99.86,99.73,99.57,99.91,99.84,99.92,99.9,99.93,99.92,99.91,99.93,99.87,99.92,99.93,99.9,99.92,98.48,94.97,99.92,99.84,99.92,99.9,99.3,,,,,,,,,,,,,,,,,,,,,,,,,,,,,,,,,,,,,,,,,,,,,,,,,,,,,,,,,,,,,,,,,,,,,,,,,,,,,,,,,,,,,,,,,,,,,,,
"i4-1",93.52,94,94.08,94.52,94.11,94.34,94.12,94.14,93.71,93.58,94.18,94.37,94.7,94.05,94.27,93.88,93.69,93.62,93.69,93.83,93.77,94.07,93.77,94,93.63,93.77,93.88,92.59,93.82,93.35,93.66,93.32,94.78,93.81,,,,,,,,,,,,,,,,,,,,,,,,,,,,,,,,,,,,,,,,,,,,,,,,,,,,,,,,,,,,,,,,,,,,,,,,,,,,,,,,,,,,,,,,,,,,,,
"i4-2",99.74,99.78,99.83,99.81,99.83,99.84,99.83,99.84,99.8,99.8,99.82,99.71,99.6,99.85,99.8,99.82,99.79,99.82,99.82,99.84,99.84,99.82,99.84,99.85,99.78,99.86,98.53,94.86,99.85,99.75,99.84,99.78,99.21,99.85,93.99,,,,,,,,,,,,,,,,,,,,,,,,,,,,,,,,,,,,,,,,,,,,,,,,,,,,,,,,,,,,,,,,,,,,,,,,,,,,,,,,,,,,,,,,,,,,,
"i4-3",99.25,99.22,99.37,99.37,99.38,99.39,99.34,99.38,99.38,99.34,99.37,99.3,99.15,99.43,99.4,99.38,99.31,99.39,99.45,99.44,99.38,99.45,99.44,99.4,99.4,99.39,98.21,94.32,99.45,99.28,99.46,99.29,98.55,99.4,93.07,99.29,,,,,,,,,,,,,,,,,,,,,,,,,,,,,,,,,,,,,,,,,,,,,,,,,,,,,,,,,,,,,,,,,,,,,,,,,,,,,,,,,,,,,,,,,,,,
"i4-4",99.82,99.86,99.93,99.92,99.94,99.95,99.93,99.94,99.89,99.9,99.93,99.83,99.71,99.96,99.92,99.91,99.87,99.92,99.93,99.95,99.94,99.94,99.94,99.95,99.87,99.93,98.58,94.94,99.95,99.83,99.93,99.84,99.3,99.95,94.1,99.88,99.42,,,,,,,,,,,,,,,,,,,,,,,,,,,,,,,,,,,,,,,,,,,,,,,,,,,,,,,,,,,,,,,,,,,,,,,,,,,,,,,,,,,,,,,,,,,
"f5-1",99.61,99.57,99.63,99.57,99.65,99.61,99.63,99.65,99.66,99.67,99.58,99.61,99.27,99.64,99.56,99.66,99.63,99.67,99.67,99.66,99.65,99.62,99.67,99.65,99.66,99.65,98.22,94.56,99.7,99.59,99.69,99.64,99.03,99.66,93.39,99.55,99.23,99.66,,,,,,,,,,,,,,,,,,,,,,,,,,,,,,,,,,,,,,,,,,,,,,,,,,,,,,,,,,,,,,,,,,,,,,,,,,,,,,,,,,,,,,,,,,
"f5-2",99.73,99.8,99.87,99.91,99.88,99.93,99.88,99.88,99.79,99.81,99.91,99.85,99.77,99.91,99.9,99.84,99.79,99.83,99.85,99.89,99.87,99.9,99.87,99.89,99.77,99.87,98.63,94.96,99.87,99.78,99.85,99.75,99.32,99.88,94.41,99.85,99.34,99.94,99.59,,,,,,,,,,,,,,,,,,,,,,,,,,,,,,,,,,,,,,,,,,,,,,,,,,,,,,,,,,,,,,,,,,,,,,,,,,,,,,,,,,,,,,,,,
"f5-3",99.96,99.85,99.93,99.8,99.92,99.83,99.9,99.94,99.96,99.95,99.76,99.59,99.36,99.87,99.75,99.95,99.96,99.94,99.94,99.86,99.91,99.84,99.91,99.91,99.98,99.89,98.41,95.03,99.93,99.83,99.95,99.92,99.21,99.9,93.64,99.79,99.36,99.88,99.66,99.78,,,,,,,,,,,,,,,,,,,,,,,,,,,,,,,,,,,,,,,,,,,,,,,,,,,,,,,,,,,,,,,,,,,,,,,,,,,,,,,,,,,,,,,,
"f5-4",99.48,99.48,99.59,99.52,99.57,99.55,99.61,99.6,99.47,99.5,99.44,99.38,99.17,99.5,99.43,99.56,99.55,99.54,99.48,99.49,99.53,99.48,99.51,99.58,99.55,99.55,98.16,95.4,99.49,99.3,99.49,99.46,98.9,99.52,94.76,99.55,98.8,99.56,99.24,99.55,99.55,,,,,,,,,,,,,,,,,,,,,,,,,,,,,,,,,,,,,,,,,,,,,,,,,,,,,,,,,,,,,,,,,,,,,,,,,,,,,,,,,,,,,,,
"i5-1",99.77,99.73,99.81,99.79,99.83,99.81,99.78,99.83,99.83,99.81,99.8,99.67,99.52,99.85,99.78,99.81,99.77,99.81,99.85,99.83,99.82,99.84,99.84,99.81,99.8,99.79,98.41,94.52,99.89,99.78,99.87,99.76,99.23,99.83,93.94,99.75,99.31,99.86,99.57,99.79,99.83,99.34,,,,,,,,,,,,,,,,,,,,,,,,,,,,,,,,,,,,,,,,,,,,,,,,,,,,,,,,,,,,,,,,,,,,,,,,,,,,,,,,,,,,,,
"i5-2",84.74,84.9,85.17,85.64,85.14,85.76,85.33,85.21,84.7,85.06,85.43,86.04,85.53,85.74,85.72,85.22,84.64,85.13,85.16,85.14,85.03,85.45,84.88,85.16,84.77,84.95,84.02,79.97,85.1,85.29,85.1,84.73,85.66,85.14,82.17,85.29,85.05,85.37,85.25,85.73,84.82,84.69,85.39,,,,,,,,,,,,,,,,,,,,,,,,,,,,,,,,,,,,,,,,,,,,,,,,,,,,,,,,,,,,,,,,,,,,,,,,,,,,,,,,,,,,,
"i5-3",96.47,96.53,96.69,96.92,96.75,96.87,96.77,96.75,96.55,96.57,96.87,97,97.07,96.78,96.9,96.71,96.5,96.57,96.59,96.61,96.6,96.72,96.57,96.68,96.42,96.65,95.66,92.91,96.7,96.69,96.67,96.51,97.92,96.79,95.74,96.84,95.59,96.84,96.46,97.01,96.51,96.33,96.87,85.09,,,,,,,,,,,,,,,,,,,,,,,,,,,,,,,,,,,,,,,,,,,,,,,,,,,,,,,,,,,,,,,,,,,,,,,,,,,,,,,,,,,,
"i5-4",99.81,99.83,99.89,99.89,99.91,99.93,99.87,99.89,99.89,99.89,99.94,99.81,99.68,99.95,99.91,99.87,99.84,99.9,99.94,99.97,99.94,99.96,99.95,99.93,99.82,99.91,98.5,94.37,99.94,99.88,99.91,99.84,99.2,99.9,93.76,99.85,99.4,99.95,99.65,99.9,99.84,99.45,99.84,85.18,96.65,,,,,,,,,,,,,,,,,,,,,,,,,,,,,,,,,,,,,,,,,,,,,,,,,,,,,,,,,,,,,,,,,,,,,,,,,,,,,,,,,,,
"l5-1",99.85,99.84,99.92,99.92,99.94,99.94,99.89,99.93,99.92,99.9,99.93,99.81,99.68,99.96,99.91,99.91,99.87,99.91,99.96,99.96,99.94,99.97,99.96,99.93,99.88,99.91,98.57,94.52,99.98,99.86,99.96,99.83,99.27,99.91,93.9,99.84,99.48,99.96,99.68,99.89,99.9,99.48,99.88,85.31,96.7,99.96,,,,,,,,,,,,,,,,,,,,,,,,,,,,,,,,,,,,,,,,,,,,,,,,,,,,,,,,,,,,,,,,,,,,,,,,,,,,,,,,,,
"l5-2",99.68,99.66,99.73,99.68,99.74,99.74,99.69,99.74,99.77,99.74,99.73,99.6,99.43,99.77,99.71,99.72,99.7,99.74,99.79,99.79,99.77,99.78,99.8,99.75,99.71,99.77,98.32,94.4,99.8,99.72,99.81,99.68,99.04,99.72,93.41,99.66,99.32,99.78,99.54,99.7,99.73,99.27,99.71,84.51,96.4,99.8,99.83,,,,,,,,,,,,,,,,,,,,,,,,,,,,,,,,,,,,,,,,,,,,,,,,,,,,,,,,,,,,,,,,,,,,,,,,,,,,,,,,,
"l5-3",99.93,99.83,99.88,99.74,99.87,99.82,99.87,99.9,99.94,99.96,99.78,99.6,99.37,99.87,99.76,99.93,99.93,99.95,99.94,99.9,99.93,99.84,99.93,99.91,99.92,99.9,98.33,94.66,99.9,99.88,99.93,99.95,99.16,99.89,93.25,99.77,99.36,99.86,99.67,99.76,99.92,99.43,99.78,84.56,96.46,99.88,99.88,99.75,,,,,,,,,,,,,,,,,,,,,,,,,,,,,,,,,,,,,,,,,,,,,,,,,,,,,,,,,,,,,,,,,,,,,,,,,,,,,,,,
"l5-4",99.92,99.85,99.89,99.77,99.89,99.83,99.88,99.9,99.93,99.94,99.79,99.62,99.41,99.89,99.77,99.94,99.92,99.93,99.94,99.87,99.91,99.85,99.91,99.9,99.92,99.88,98.33,94.71,99.9,99.87,99.94,99.93,99.2,99.89,93.36,99.78,99.35,99.86,99.66,99.77,99.93,99.42,99.8,84.99,96.52,99.86,99.89,99.73,99.94,,,,,,,,,,,,,,,,,,,,,,,,,,,,,,,,,,,,,,,,,,,,,,,,,,,,,,,,,,,,,,,,,,,,,,,,,,,,,,,
"f6-1",99.91,99.85,99.93,99.82,99.92,99.86,99.93,99.93,99.92,99.96,99.85,99.68,99.51,99.91,99.83,99.95,99.93,99.95,99.95,99.9,99.95,99.87,99.93,99.94,99.92,99.91,98.45,94.72,99.93,99.87,99.94,99.92,99.22,99.93,93.53,99.81,99.39,99.91,99.67,99.82,99.92,99.47,99.81,85.02,96.6,99.89,99.91,99.73,99.94,99.94,,,,,,,,,,,,,,,,,,,,,,,,,,,,,,,,,,,,,,,,,,,,,,,,,,,,,,,,,,,,,,,,,,,,,,,,,,,,,,
"f6-2",99.87,99.78,99.88,99.79,99.89,99.85,99.88,99.89,99.91,99.93,99.85,99.69,99.54,99.9,99.83,99.92,99.87,99.92,99.95,99.89,99.92,99.88,99.92,99.89,99.87,99.91,98.44,94.61,99.93,99.89,99.95,99.9,99.24,99.91,93.54,99.8,99.42,99.91,99.68,99.82,99.88,99.41,99.83,85.11,96.73,99.9,99.93,99.76,99.94,99.92,99.96,,,,,,,,,,,,,,,,,,,,,,,,,,,,,,,,,,,,,,,,,,,,,,,,,,,,,,,,,,,,,,,,,,,,,,,,,,,,,
"f6-3",99.89,99.81,99.88,99.74,99.87,99.8,99.89,99.9,99.9,99.94,99.78,99.61,99.42,99.85,99.75,99.93,99.91,99.93,99.92,99.86,99.91,99.81,99.9,99.89,99.92,99.89,98.38,94.78,99.9,99.84,99.93,99.92,99.21,99.91,93.37,99.77,99.34,99.88,99.68,99.77,99.91,99.43,99.79,84.8,96.56,99.83,99.87,99.7,99.94,99.93,99.98,99.95,,,,,,,,,,,,,,,,,,,,,,,,,,,,,,,,,,,,,,,,,,,,,,,,,,,,,,,,,,,,,,,,,,,,,,,,,,,,
"f6-4",99.88,99.79,99.88,99.81,99.89,99.86,99.86,99.88,99.92,99.92,99.86,99.71,99.56,99.92,99.85,99.92,99.87,99.92,99.96,99.92,99.92,99.91,99.93,99.89,99.86,99.9,98.45,94.43,99.95,99.92,99.96,99.89,99.24,99.9,93.49,99.8,99.43,99.91,99.69,99.82,99.88,99.4,99.84,85.22,96.68,99.92,99.94,99.78,99.94,99.94,99.94,99.98,99.92,,,,,,,,,,,,,,,,,,,,,,,,,,,,,,,,,,,,,,,,,,,,,,,,,,,,,,,,,,,,,,,,,,,,,,,,,,,
"i6-1",99.93,99.82,99.9,99.8,99.9,99.85,99.89,99.91,99.93,99.95,99.83,99.66,99.48,99.92,99.82,99.95,99.91,99.94,99.96,99.89,99.93,99.87,99.92,99.9,99.9,99.9,98.52,94.68,99.93,99.92,99.96,99.94,99.24,99.91,93.56,99.81,99.37,99.9,99.67,99.83,99.92,99.44,99.82,85.27,96.72,99.89,99.92,99.75,99.94,99.96,99.96,99.95,99.94,99.97,,,,,,,,,,,,,,,,,,,,,,,,,,,,,,,,,,,,,,,,,,,,,,,,,,,,,,,,,,,,,,,,,,,,,,,,,,
"i6-2",99.95,99.8,99.86,99.66,99.84,99.74,99.85,99.88,99.93,99.94,99.68,99.48,99.22,99.81,99.67,99.93,99.92,99.92,99.91,99.81,99.88,99.75,99.86,99.85,99.91,99.85,98.33,94.88,99.86,99.85,99.91,99.94,99.13,99.85,93.29,99.72,99.24,99.81,99.62,99.69,99.93,99.43,99.74,84.66,96.47,99.78,99.83,99.68,99.95,99.92,99.91,99.91,99.93,99.9,99.93,,,,,,,,,,,,,,,,,,,,,,,,,,,,,,,,,,,,,,,,,,,,,,,,,,,,,,,,,,,,,,,,,,,,,,,,,
"i6-3",99.22,99.2,99.2,99.04,99.17,99.15,99.16,99.16,99.26,99.27,99.2,98.88,98.78,99.25,99.2,99.2,99.17,99.27,99.3,99.29,99.29,99.23,99.28,99.21,99.15,99.2,98.53,93.52,99.29,99.27,99.26,99.25,98.04,99.21,91.99,99.09,98.92,99.25,98.97,99.08,99.16,98.59,99.14,83.72,95.37,99.29,99.29,99.09,99.3,99.17,99.27,99.31,99.25,99.31,99.29,99.25,,,,,,,,,,,,,,,,,,,,,,,,,,,,,,,,,,,,,,,,,,,,,,,,,,,,,,,,,,,,,,,,,,,,,,,,
"i6-4",99.25,99.28,99.2,99.02,99.17,99.1,99.22,99.24,99.34,99.28,99.1,98.85,98.79,99.17,99.09,99.28,99.25,99.26,99.24,99.18,99.24,99.11,99.21,99.22,99.25,99.29,98.29,95.22,99.27,99.21,99.3,99.32,98.64,99.27,93.33,99.2,98.74,99.22,99,99.11,99.26,98.61,99.13,83.57,96.22,99.14,99.21,98.99,99.27,99.23,99.27,99.31,99.31,99.29,99.3,99.33,98.97,,,,,,,,,,,,,,,,,,,,,,,,,,,,,,,,,,,,,,,,,,,,,,,,,,,,,,,,,,,,,,,,,,,,,,,
"l6-1",99.83,99.76,99.84,99.7,99.83,99.78,99.86,99.86,99.86,99.92,99.76,99.6,99.41,99.83,99.74,99.89,99.86,99.91,99.89,99.84,99.89,99.78,99.87,99.87,99.87,99.87,98.33,94.8,99.88,99.82,99.91,99.89,99.17,99.89,93.32,99.75,99.35,99.87,99.66,99.75,99.86,99.39,99.77,85.01,96.6,99.82,99.85,99.68,99.91,99.9,99.96,99.95,99.98,99.91,99.92,99.9,99.25,99.31,,,,,,,,,,,,,,,,,,,,,,,,,,,,,,,,,,,,,,,,,,,,,,,,,,,,,,,,,,,,,,,,,,,,,,
"l6-2",99.89,99.77,99.87,99.73,99.86,99.79,99.88,99.89,99.9,99.92,99.77,99.59,99.43,99.85,99.74,99.93,99.89,99.9,99.91,99.83,99.89,99.8,99.87,99.86,99.88,99.87,98.4,94.77,99.89,99.85,99.92,99.91,99.25,99.89,93.52,99.78,99.32,99.86,99.64,99.77,99.89,99.44,99.79,85.04,96.77,99.82,99.87,99.69,99.92,99.92,99.95,99.96,99.96,99.94,99.94,99.94,99.25,99.36,99.95,,,,,,,,,,,,,,,,,,,,,,,,,,,,,,,,,,,,,,,,,,,,,,,,,,,,,,,,,,,,,,,,,,,,,
"l6-3",99.84,99.78,99.86,99.77,99.86,99.84,99.87,99.88,99.88,99.93,99.83,99.68,99.51,99.89,99.82,99.9,99.86,99.92,99.92,99.9,99.92,99.85,99.91,99.89,99.86,99.9,98.42,94.63,99.92,99.87,99.93,99.89,99.2,99.91,93.42,99.78,99.39,99.91,99.67,99.8,99.86,99.39,99.81,85.07,96.64,99.89,99.91,99.74,99.93,99.9,99.97,99.97,99.97,99.95,99.93,99.89,99.3,99.28,99.98,99.94,,,,,,,,,,,,,,,,,,,,,,,,,,,,,,,,,,,,,,,,,,,,,,,,,,,,,,,,,,,,,,,,,,,,
"l6-4",99.86,99.73,99.83,99.65,99.81,99.73,99.84,99.83,99.87,99.9,99.72,99.52,99.34,99.8,99.7,99.88,99.86,99.88,99.89,99.8,99.87,99.76,99.85,99.83,99.86,99.86,98.31,94.8,99.86,99.84,99.9,99.91,99.16,99.87,93.23,99.72,99.31,99.83,99.63,99.71,99.86,99.37,99.75,84.73,96.63,99.79,99.83,99.69,99.93,99.9,99.94,99.96,99.96,99.92,99.92,99.93,99.29,99.31,99.96,99.97,99.95,,,,,,,,,,,,,,,,,,,,,,,,,,,,,,,,,,,,,,,,,,,,,,,,,,,,,,,,,,,,,,,,,,,
"f8-1",99.84,99.7,99.77,99.54,99.73,99.64,99.79,99.79,99.82,99.89,99.6,99.4,99.12,99.72,99.59,99.85,99.83,99.87,99.82,99.72,99.82,99.64,99.77,99.78,99.85,99.8,98.2,94.97,99.8,99.79,99.85,99.9,99.08,99.82,93.04,99.64,99.21,99.76,99.59,99.61,99.84,99.33,99.68,84.69,96.46,99.7,99.74,99.59,99.89,99.86,99.91,99.89,99.95,99.84,99.88,99.92,99.22,99.32,99.96,99.92,99.92,99.94,,,,,,,,,,,,,,,,,,,,,,,,,,,,,,,,,,,,,,,,,,,,,,,,,,,,,,,,,,,,,,,,,,
"f8-2",99.85,99.78,99.86,99.72,99.85,99.79,99.86,99.86,99.88,99.9,99.77,99.61,99.44,99.84,99.75,99.89,99.87,99.88,99.91,99.84,99.9,99.81,99.88,99.87,99.86,99.87,98.34,94.8,99.88,99.86,99.91,99.87,99.29,99.88,93.44,99.75,99.35,99.87,99.64,99.76,99.85,99.36,99.77,84.83,96.59,99.83,99.87,99.73,99.92,99.89,99.94,99.95,99.95,99.92,99.9,99.9,99.24,99.3,99.94,99.94,99.94,99.95,99.89,,,,,,,,,,,,,,,,,,,,,,,,,,,,,,,,,,,,,,,,,,,,,,,,,,,,,,,,,,,,,,,,,
"i8-3",99.87,99.73,99.8,99.58,99.77,99.68,99.8,99.8,99.86,99.91,99.66,99.43,99.2,99.76,99.64,99.87,99.87,99.89,99.86,99.77,99.86,99.69,99.82,99.82,99.86,99.83,98.19,94.69,99.82,99.83,99.87,99.93,99.05,99.84,92.93,99.68,99.25,99.77,99.61,99.63,99.85,99.3,99.69,84.51,96.39,99.76,99.77,99.63,99.94,99.9,99.93,99.9,99.95,99.87,99.9,99.93,99.26,99.28,99.93,99.92,99.91,99.95,99.95,99.91,,,,,,,,,,,,,,,,,,,,,,,,,,,,,,,,,,,,,,,,,,,,,,,,,,,,,,,,,,,,,,,,
"l8-1",99.83,99.64,99.73,99.57,99.72,99.66,99.73,99.74,99.8,99.86,99.64,99.44,99.21,99.75,99.65,99.82,99.78,99.84,99.83,99.72,99.78,99.68,99.76,99.75,99.77,99.81,98.21,94.52,99.79,99.87,99.84,99.87,99.11,99.82,92.95,99.67,99.19,99.73,99.54,99.63,99.8,99.25,99.65,85.28,96.66,99.74,99.75,99.6,99.86,99.87,99.85,99.88,99.85,99.88,99.9,99.87,99.15,99.19,99.86,99.87,99.85,99.88,99.87,99.82,99.88,,,,,,,,,,,,,,,,,,,,,,,,,,,,,,,,,,,,,,,,,,,,,,,,,,,,,,,,,,,,,,,
"f8-3",99.87,99.76,99.84,99.65,99.81,99.74,99.83,99.85,99.88,99.93,99.71,99.51,99.3,99.8,99.69,99.89,99.88,99.91,99.89,99.82,99.89,99.75,99.86,99.85,99.88,99.86,98.26,94.8,99.86,99.83,99.9,99.91,99.12,99.87,93.13,99.71,99.31,99.83,99.64,99.7,99.87,99.36,99.74,84.64,96.48,99.8,99.82,99.69,99.95,99.9,99.95,99.94,99.97,99.9,99.91,99.93,99.28,99.29,99.97,99.94,99.95,99.97,99.96,99.95,99.98,99.87,,,,,,,,,,,,,,,,,,,,,,,,,,,,,,,,,,,,,,,,,,,,,,,,,,,,,,,,,,,,,,
"f8-4",99.9,99.79,99.88,99.8,99.88,99.86,99.86,99.89,99.92,99.94,99.85,99.69,99.5,99.93,99.85,99.92,99.88,99.94,99.96,99.91,99.92,99.89,99.92,99.9,99.89,99.91,98.42,94.51,99.95,99.93,99.96,99.92,99.22,99.9,93.38,99.8,99.44,99.9,99.68,99.82,99.9,99.4,99.84,85.35,96.63,99.92,99.93,99.77,99.95,99.94,99.95,99.97,99.93,99.98,99.97,99.91,99.3,99.27,99.92,99.93,99.95,99.92,99.87,99.91,99.89,99.9,99.91,,,,,,,,,,,,,,,,,,,,,,,,,,,,,,,,,,,,,,,,,,,,,,,,,,,,,,,,,,,,,
"f9-1",99.88,99.8,99.89,99.81,99.89,99.87,99.88,99.91,99.92,99.94,99.85,99.69,99.53,99.92,99.84,99.93,99.89,99.94,99.95,99.92,99.93,99.89,99.94,99.92,99.91,99.91,98.42,94.61,99.94,99.88,99.96,99.9,99.21,99.92,93.43,99.8,99.45,99.93,99.69,99.82,99.9,99.43,99.84,85.18,96.58,99.91,99.94,99.78,99.95,99.94,99.96,99.97,99.96,99.97,99.96,99.91,99.31,99.29,99.96,99.94,99.98,99.93,99.89,99.93,99.9,99.86,99.93,99.98,,,,,,,,,,,,,,,,,,,,,,,,,,,,,,,,,,,,,,,,,,,,,,,,,,,,,,,,,,,,
"f9-2",99.17,99.22,99.35,99.37,99.36,99.38,99.35,99.35,99.26,99.23,99.36,99.26,99.24,99.33,99.33,99.31,99.24,99.28,99.31,99.34,99.35,99.38,99.35,99.35,99.24,99.33,98.15,94.71,99.33,99.11,99.3,99.14,98.66,99.28,94.83,99.33,98.73,99.4,98.97,99.38,99.22,99.62,99.13,84.64,95.81,99.32,99.37,99.14,99.21,99.17,99.28,99.3,99.23,99.29,99.23,99.18,98.55,98.57,99.24,99.24,99.27,99.2,99.09,99.25,99.08,99.02,99.17,99.24,99.3,,,,,,,,,,,,,,,,,,,,,,,,,,,,,,,,,,,,,,,,,,,,,,,,,,,,,,,,,,,
"i9-2",99.85,99.77,99.86,99.76,99.86,99.83,99.85,99.87,99.9,99.92,99.83,99.67,99.51,99.89,99.81,99.9,99.87,99.92,99.94,99.9,99.92,99.87,99.93,99.89,99.88,99.89,98.36,94.54,99.92,99.86,99.94,99.88,99.16,99.9,93.29,99.78,99.43,99.9,99.68,99.78,99.86,99.38,99.81,84.95,96.5,99.89,99.92,99.77,99.94,99.92,99.96,99.97,99.96,99.96,99.93,99.89,99.31,99.25,99.97,99.92,99.98,99.95,99.89,99.94,99.92,99.85,99.95,99.96,99.98,99.29,,,,,,,,,,,,,,,,,,,,,,,,,,,,,,,,,,,,,,,,,,,,,,,,,,,,,,,,,,
"l9-1",99.76,99.68,99.81,99.79,99.82,99.84,99.8,99.83,99.84,99.84,99.86,99.72,99.64,99.89,99.84,99.84,99.77,99.85,99.9,99.88,99.87,99.89,99.89,99.84,99.78,99.85,98.34,94.33,99.89,99.83,99.9,99.78,99.19,99.85,93.48,99.75,99.44,99.9,99.61,99.81,99.78,99.32,99.8,85.55,96.67,99.88,99.92,99.75,99.86,99.86,99.89,99.95,99.87,99.95,99.9,99.8,99.23,99.18,99.9,99.88,99.93,99.88,99.78,99.88,99.79,99.8,99.85,99.94,99.95,99.34,99.95,,,,,,,,,,,,,,,,,,,,,,,,,,,,,,,,,,,,,,,,,,,,,,,,,,,,,,,,,
"l9-2",99.68,99.59,99.68,99.53,99.67,99.6,99.7,99.71,99.69,99.71,99.54,99.39,99.23,99.6,99.52,99.75,99.73,99.74,99.69,99.63,99.71,99.59,99.69,99.73,99.76,99.71,98.18,95.57,99.68,99.57,99.71,99.74,99.07,99.72,93.96,99.61,99.21,99.68,99.49,99.56,99.71,99.48,99.53,84.41,96.7,99.6,99.62,99.42,99.71,99.71,99.73,99.71,99.74,99.67,99.7,99.7,98.96,99.23,99.74,99.72,99.7,99.73,99.72,99.7,99.73,99.64,99.73,99.67,99.72,99.26,99.72,99.63,,,,,,,,,,,,,,,,,,,,,,,,,,,,,,,,,,,,,,,,,,,,,,,,,,,,,,,,
"l9-3",99.71,99.66,99.75,99.66,99.75,99.74,99.76,99.77,99.76,99.79,99.74,99.59,99.47,99.75,99.72,99.8,99.76,99.82,99.8,99.79,99.82,99.75,99.81,99.81,99.75,99.79,98.28,94.92,99.78,99.73,99.79,99.79,99.12,99.8,93.83,99.71,99.32,99.79,99.56,99.69,99.73,99.43,99.64,84.86,96.76,99.77,99.75,99.56,99.8,99.77,99.81,99.82,99.8,99.8,99.8,99.74,99.15,99.22,99.82,99.78,99.82,99.79,99.75,99.78,99.79,99.74,99.79,99.8,99.83,99.31,99.83,99.79,99.91,,,,,,,,,,,,,,,,,,,,,,,,,,,,,,,,,,,,,,,,,,,,,,,,,,,,,,,
"f10-1",99.65,99.62,99.71,99.63,99.71,99.71,99.73,99.73,99.7,99.73,99.71,99.57,99.48,99.7,99.69,99.76,99.72,99.78,99.74,99.75,99.78,99.7,99.76,99.78,99.7,99.76,98.29,95.02,99.75,99.68,99.75,99.74,99.13,99.76,93.92,99.68,99.25,99.77,99.52,99.67,99.68,99.43,99.59,84.58,96.81,99.72,99.71,99.52,99.75,99.72,99.78,99.78,99.77,99.75,99.75,99.68,99.1,99.2,99.79,99.74,99.79,99.75,99.72,99.74,99.75,99.68,99.76,99.75,99.79,99.32,99.79,99.74,99.91,99.97,,,,,,,,,,,,,,,,,,,,,,,,,,,,,,,,,,,,,,,,,,,,,,,,,,,,,,
"f10-2",99.6,99.64,99.73,99.75,99.76,99.77,99.74,99.73,99.69,99.67,99.78,99.67,99.64,99.74,99.77,99.73,99.69,99.73,99.74,99.77,99.77,99.78,99.78,99.79,99.67,99.75,98.36,94.91,99.74,99.62,99.73,99.66,99.16,99.75,94.32,99.71,99.3,99.78,99.5,99.73,99.66,99.47,99.6,84.95,96.9,99.76,99.74,99.51,99.67,99.69,99.71,99.72,99.66,99.72,99.7,99.58,98.99,99.1,99.66,99.64,99.7,99.63,99.53,99.65,99.61,99.57,99.62,99.71,99.73,99.39,99.72,99.72,99.85,99.92,99.91,,,,,,,,,,,,,,,,,,,,,,,,,,,,,,,,,,,,,,,,,,,,,,,,,,,,,
"f10-3",99.59,99.51,99.62,99.54,99.62,99.6,99.65,99.66,99.64,99.67,99.6,99.46,99.39,99.61,99.58,99.7,99.64,99.71,99.68,99.65,99.68,99.61,99.67,99.68,99.67,99.72,98.01,95.22,99.7,99.61,99.71,99.69,99.13,99.72,93.75,99.61,99.18,99.7,99.45,99.59,99.63,99.36,99.55,84.85,96.74,99.62,99.64,99.44,99.68,99.69,99.73,99.76,99.73,99.71,99.69,99.63,98.87,99.17,99.76,99.73,99.74,99.74,99.69,99.71,99.71,99.67,99.72,99.71,99.74,99.25,99.75,99.73,99.88,99.9,99.9,99.83,,,,,,,,,,,,,,,,,,,,,,,,,,,,,,,,,,,,,,,,,,,,,,,,,,,,
"f10-4",99.58,99.58,99.69,99.66,99.7,99.71,99.71,99.7,99.66,99.67,99.71,99.58,99.54,99.69,99.7,99.72,99.66,99.72,99.71,99.72,99.75,99.71,99.73,99.76,99.65,99.73,98.29,95.07,99.7,99.6,99.7,99.67,99.11,99.73,94.2,99.67,99.27,99.75,99.46,99.67,99.62,99.42,99.55,84.97,96.87,99.7,99.68,99.46,99.67,99.67,99.71,99.73,99.69,99.71,99.69,99.6,99.01,99.16,99.71,99.67,99.72,99.68,99.6,99.67,99.65,99.61,99.67,99.69,99.73,99.36,99.73,99.72,99.9,99.96,99.95,99.97,99.88,,,,,,,,,,,,,,,,,,,,,,,,,,,,,,,,,,,,,,,,,,,,,,,,,,,
"i10-1",99.6,99.51,99.63,99.53,99.62,99.61,99.66,99.66,99.65,99.69,99.61,99.46,99.36,99.63,99.6,99.71,99.65,99.72,99.68,99.66,99.7,99.62,99.68,99.7,99.66,99.71,98.16,95.22,99.69,99.63,99.71,99.7,99.08,99.71,93.82,99.6,99.23,99.7,99.46,99.59,99.64,99.36,99.54,84.81,96.81,99.64,99.64,99.46,99.7,99.68,99.73,99.75,99.73,99.71,99.71,99.65,99.03,99.19,99.77,99.72,99.75,99.75,99.72,99.71,99.73,99.69,99.74,99.72,99.75,99.26,99.76,99.73,99.92,99.95,99.96,99.86,99.93,99.94,,,,,,,,,,,,,,,,,,,,,,,,,,,,,,,,,,,,,,,,,,,,,,,,,,
"i10-2",99.55,99.41,99.51,99.37,99.51,99.44,99.52,99.54,99.56,99.57,99.42,99.24,99.12,99.48,99.42,99.61,99.57,99.6,99.57,99.51,99.57,99.46,99.55,99.57,99.59,99.58,98.4,95.28,99.56,99.52,99.61,99.64,98.89,99.58,93.64,99.48,99.32,99.53,99.36,99.41,99.56,99.24,99.39,84.27,96.47,99.49,99.5,99.3,99.61,99.6,99.59,99.61,99.61,99.59,99.6,99.58,98.99,99.14,99.61,99.59,99.59,99.61,99.6,99.58,99.63,99.58,99.62,99.59,99.62,99.11,99.61,99.53,99.87,99.83,99.82,99.76,99.75,99.82,99.84,,,,,,,,,,,,,,,,,,,,,,,,,,,,,,,,,,,,,,,,,,,,,,,,,
"i10-3",99.65,99.59,99.7,99.66,99.71,99.71,99.72,99.73,99.72,99.72,99.72,99.59,99.52,99.71,99.69,99.75,99.7,99.76,99.76,99.76,99.77,99.73,99.78,99.77,99.71,99.78,98.25,95.05,99.77,99.67,99.77,99.73,99.16,99.77,93.93,99.69,99.31,99.79,99.54,99.69,99.69,99.43,99.63,84.74,96.79,99.74,99.75,99.56,99.75,99.73,99.78,99.81,99.76,99.78,99.76,99.68,99.08,99.21,99.79,99.75,99.8,99.77,99.7,99.76,99.73,99.68,99.75,99.77,99.81,99.38,99.81,99.8,99.91,99.96,99.96,99.92,99.94,99.95,99.97,99.81,,,,,,,,,,,,,,,,,,,,,,,,,,,,,,,,,,,,,,,,,,,,,,,,
"i10-4",99.62,99.49,99.63,99.52,99.63,99.6,99.66,99.65,99.66,99.69,99.6,99.44,99.35,99.63,99.59,99.72,99.65,99.72,99.71,99.65,99.71,99.62,99.68,99.69,99.66,99.71,98.14,95,99.69,99.64,99.72,99.72,99.04,99.72,93.57,99.61,99.26,99.69,99.48,99.57,99.63,99.32,99.54,84.98,96.75,99.64,99.65,99.46,99.73,99.72,99.75,99.8,99.76,99.76,99.74,99.69,99.07,99.2,99.8,99.77,99.78,99.8,99.74,99.75,99.77,99.74,99.77,99.75,99.78,99.25,99.79,99.77,99.89,99.94,99.91,99.84,99.92,99.92,99.95,99.83,99.93,,,,,,,,,,,,,,,,,,,,,,,,,,,,,,,,,,,,,,,,,,,,,,,
"l10-1",99.55,99.54,99.66,99.64,99.67,99.7,99.69,99.68,99.64,99.66,99.72,99.61,99.58,99.69,99.71,99.7,99.63,99.72,99.71,99.73,99.74,99.71,99.74,99.74,99.64,99.74,98.24,94.9,99.74,99.64,99.73,99.66,99.12,99.74,93.88,99.66,99.32,99.77,99.5,99.68,99.61,99.36,99.59,84.89,96.83,99.72,99.72,99.52,99.69,99.68,99.74,99.78,99.73,99.75,99.7,99.59,99.07,99.16,99.78,99.71,99.79,99.73,99.66,99.73,99.68,99.64,99.71,99.73,99.78,99.34,99.79,99.79,99.85,99.94,99.96,99.9,99.91,99.95,99.95,99.76,99.97,99.92,,,,,,,,,,,,,,,,,,,,,,,,,,,,,,,,,,,,,,,,,,,,,,
"l10-2",99.58,99.54,99.67,99.63,99.68,99.69,99.69,99.68,99.67,99.69,99.72,99.59,99.55,99.7,99.71,99.72,99.65,99.73,99.73,99.73,99.75,99.72,99.74,99.74,99.64,99.75,98.27,94.87,99.73,99.66,99.74,99.69,99.1,99.75,93.86,99.67,99.31,99.76,99.49,99.67,99.62,99.36,99.59,84.98,96.83,99.73,99.71,99.52,99.71,99.7,99.74,99.8,99.73,99.77,99.73,99.64,99.09,99.17,99.77,99.73,99.78,99.75,99.66,99.73,99.7,99.68,99.72,99.76,99.79,99.34,99.79,99.81,99.86,99.95,99.93,99.92,99.9,99.97,99.94,99.8,99.95,99.96,99.96,,,,,,,,,,,,,,,,,,,,,,,,,,,,,,,,,,,,,,,,,,,,,
"l10-2",99.44,99.43,99.56,99.58,99.58,99.64,99.57,99.57,99.56,99.56,99.69,99.57,99.6,99.63,99.68,99.59,99.51,99.62,99.65,99.68,99.66,99.68,99.67,99.65,99.52,99.67,98.24,94.66,99.68,99.6,99.67,99.56,99.04,99.66,93.83,99.6,99.3,99.71,99.42,99.61,99.5,99.23,99.54,84.93,96.78,99.69,99.67,99.49,99.61,99.6,99.65,99.73,99.63,99.71,99.64,99.49,99.07,99.09,99.69,99.63,99.73,99.65,99.54,99.65,99.58,99.56,99.62,99.68,99.73,99.3,99.74,99.77,99.76,99.89,99.91,99.88,99.86,99.91,99.9,99.71,99.94,99.88,99.97,99.94,,,,,,,,,,,,,,,,,,,,,,,,,,,,,,,,,,,,,,,,,,,,
"f11-1",99.53,99.52,99.63,99.63,99.64,99.66,99.66,99.65,99.62,99.63,99.69,99.57,99.55,99.66,99.68,99.66,99.59,99.68,99.68,99.68,99.69,99.68,99.7,99.69,99.62,99.73,98.29,95.2,99.72,99.6,99.71,99.63,99.14,99.72,94.14,99.65,99.28,99.76,99.46,99.67,99.59,99.37,99.58,85.11,96.92,99.68,99.7,99.49,99.64,99.63,99.7,99.76,99.69,99.71,99.68,99.58,99.02,99.2,99.73,99.68,99.74,99.7,99.62,99.69,99.63,99.6,99.67,99.7,99.75,99.39,99.75,99.78,99.86,99.91,99.91,99.9,99.91,99.94,99.93,99.76,99.96,99.91,99.95,99.95,99.94,,,,,,,,,,,,,,,,,,,,,,,,,,,,,,,,,,,,,,,,,,,
"f11-2",99.55,99.51,99.63,99.57,99.63,99.64,99.66,99.65,99.63,99.67,99.66,99.52,99.46,99.65,99.65,99.68,99.62,99.71,99.68,99.69,99.71,99.65,99.7,99.71,99.63,99.72,98.19,95.02,99.7,99.63,99.7,99.67,99.06,99.72,93.82,99.62,99.27,99.73,99.47,99.62,99.6,99.34,99.55,84.87,96.79,99.68,99.66,99.46,99.68,99.67,99.73,99.76,99.72,99.72,99.7,99.61,99.05,99.14,99.77,99.7,99.77,99.73,99.68,99.71,99.71,99.66,99.72,99.72,99.76,99.29,99.76,99.75,99.88,99.96,99.96,99.89,99.92,99.95,99.98,99.81,99.97,99.95,99.97,99.96,99.94,99.95,,,,,,,,,,,,,,,,,,,,,,,,,,,,,,,,,,,,,,,,,,
"f11-3",99.64,99.54,99.65,99.56,99.65,99.64,99.66,99.66,99.7,99.72,99.66,99.48,99.39,99.67,99.65,99.72,99.67,99.75,99.74,99.72,99.74,99.68,99.74,99.73,99.66,99.73,98.18,94.82,99.72,99.68,99.73,99.73,99.01,99.72,93.57,99.63,99.26,99.72,99.49,99.59,99.64,99.32,99.56,84.67,96.64,99.72,99.68,99.52,99.76,99.72,99.74,99.79,99.74,99.78,99.75,99.7,99.14,99.18,99.77,99.73,99.78,99.76,99.7,99.73,99.76,99.72,99.76,99.77,99.79,99.28,99.8,99.78,99.87,99.96,99.92,99.89,99.88,99.94,99.94,99.84,99.94,99.96,99.91,99.97,99.9,99.9,99.95,,,,,,,,,,,,,,,,,,,,,,,,,,,,,,,,,,,,,,,,,
"f11-4",99.65,99.56,99.67,99.56,99.66,99.63,99.69,99.7,99.68,99.73,99.62,99.46,99.35,99.65,99.6,99.75,99.7,99.76,99.71,99.68,99.74,99.63,99.71,99.73,99.71,99.74,98.17,95.13,99.72,99.65,99.73,99.74,99.07,99.74,93.71,99.62,99.23,99.72,99.5,99.6,99.68,99.39,99.56,84.63,96.71,99.66,99.67,99.46,99.74,99.72,99.77,99.78,99.78,99.74,99.74,99.69,99.06,99.21,99.8,99.76,99.78,99.78,99.76,99.75,99.78,99.72,99.78,99.74,99.78,99.28,99.79,99.73,99.94,99.94,99.96,99.85,99.93,99.91,99.97,99.85,99.96,99.94,99.93,99.92,99.87,99.91,99.96,99.92,,,,,,,,,,,,,,,,,,,,,,,,,,,,,,,,,,,,,,,,
"i11-1",99.57,99.52,99.65,99.62,99.66,99.67,99.67,99.66,99.65,99.66,99.7,99.57,99.54,99.68,99.69,99.7,99.62,99.71,99.72,99.71,99.72,99.7,99.72,99.72,99.64,99.74,98.25,94.95,99.74,99.65,99.74,99.67,99.12,99.74,93.86,99.65,99.31,99.76,99.5,99.66,99.62,99.35,99.59,85,96.82,99.71,99.71,99.51,99.69,99.69,99.74,99.79,99.73,99.77,99.72,99.61,99.08,99.19,99.77,99.72,99.78,99.75,99.66,99.72,99.69,99.67,99.72,99.75,99.78,99.35,99.79,99.8,99.87,99.94,99.94,99.91,99.92,99.95,99.95,99.8,99.97,99.95,99.97,99.98,99.96,99.97,99.97,99.94,99.94,,,,,,,,,,,,,,,,,,,,,,,,,,,,,,,,,,,,,,,
"i11-2",99.57,99.53,99.64,99.61,99.66,99.67,99.66,99.67,99.65,99.67,99.69,99.57,99.53,99.67,99.67,99.69,99.63,99.71,99.72,99.73,99.73,99.7,99.74,99.72,99.65,99.73,98.26,94.93,99.74,99.63,99.74,99.66,99.1,99.73,93.76,99.64,99.31,99.76,99.51,99.65,99.62,99.34,99.59,84.75,96.73,99.71,99.72,99.54,99.7,99.69,99.73,99.79,99.74,99.76,99.7,99.62,99.1,99.16,99.78,99.72,99.79,99.75,99.66,99.75,99.68,99.64,99.73,99.74,99.8,99.34,99.81,99.8,99.86,99.92,99.95,99.88,99.91,99.93,99.94,99.78,99.97,99.92,99.98,99.95,99.96,99.96,99.95,99.92,99.93,99.98,,,,,,,,,,,,,,,,,,,,,,,,,,,,,,,,,,,,,,
"i11-3",99.44,99.47,99.58,99.67,99.63,99.69,99.6,99.61,99.57,99.55,99.75,99.66,99.73,99.67,99.73,99.6,99.51,99.61,99.65,99.7,99.66,99.72,99.69,99.67,99.52,99.69,98.38,94.75,99.7,99.56,99.66,99.52,99.15,99.67,94.24,99.63,99.28,99.75,99.43,99.69,99.5,99.29,99.56,85.01,96.94,99.71,99.71,99.49,99.57,99.57,99.63,99.71,99.6,99.7,99.62,99.45,99,99.08,99.64,99.59,99.69,99.59,99.47,99.62,99.5,99.5,99.56,99.66,99.7,99.39,99.7,99.77,99.73,99.85,99.86,99.91,99.83,99.91,99.84,99.67,99.92,99.82,99.93,99.92,99.95,99.95,99.89,99.85,99.82,99.94,99.93,,,,,,,,,,,,,,,,,,,,,,,,,,,,,,,,,,,,,
"i11-4",99.41,99.44,99.56,99.61,99.6,99.65,99.59,99.58,99.54,99.54,99.7,99.61,99.68,99.63,99.68,99.59,99.5,99.59,99.63,99.67,99.65,99.69,99.67,99.65,99.48,99.65,98.32,94.69,99.64,99.52,99.62,99.5,99.08,99.64,94.13,99.6,99.25,99.71,99.4,99.63,99.46,99.24,99.51,84.92,96.88,99.67,99.66,99.44,99.56,99.55,99.62,99.7,99.6,99.68,99.6,99.45,99.02,99.1,99.65,99.6,99.69,99.61,99.48,99.62,99.52,99.49,99.57,99.63,99.68,99.36,99.7,99.75,99.73,99.86,99.87,99.89,99.82,99.92,99.85,99.68,99.9,99.86,99.93,99.94,99.96,99.93,99.91,99.88,99.82,99.94,99.93,99.97,,,,,,,,,,,,,,,,,,,,,,,,,,,,,,,,,,,,
"l11-1",99.5,99.51,99.62,99.67,99.65,99.7,99.65,99.66,99.61,99.6,99.72,99.64,99.64,99.67,99.71,99.65,99.57,99.66,99.68,99.72,99.69,99.72,99.72,99.7,99.6,99.72,98.32,95.01,99.73,99.58,99.71,99.58,99.15,99.71,94.16,99.65,99.33,99.77,99.47,99.69,99.57,99.36,99.59,84.94,96.88,99.71,99.72,99.51,99.62,99.62,99.68,99.74,99.66,99.72,99.65,99.53,99.03,99.14,99.71,99.64,99.74,99.66,99.56,99.67,99.57,99.54,99.63,99.69,99.75,99.4,99.75,99.78,99.81,99.88,99.91,99.91,99.87,99.92,99.9,99.72,99.95,99.86,99.96,99.93,99.96,99.97,99.92,99.87,99.87,99.96,99.97,99.97,99.95,,,,,,,,,,,,,,,,,,,,,,,,,,,,,,,,,,,
"l11-2",99.61,99.61,99.72,99.72,99.74,99.75,99.75,99.75,99.7,99.69,99.75,99.64,99.63,99.72,99.72,99.76,99.69,99.74,99.74,99.76,99.77,99.75,99.77,99.78,99.69,99.76,98.36,95.09,99.74,99.59,99.74,99.65,99.18,99.76,94.25,99.7,99.31,99.8,99.5,99.72,99.66,99.45,99.61,84.94,96.89,99.72,99.74,99.52,99.69,99.7,99.75,99.78,99.74,99.74,99.71,99.62,99.02,99.19,99.76,99.72,99.77,99.72,99.63,99.73,99.65,99.6,99.69,99.71,99.77,99.43,99.78,99.78,99.88,99.93,99.94,99.93,99.89,99.96,99.92,99.76,99.96,99.9,99.95,99.94,99.92,99.95,99.93,99.89,99.91,99.94,99.95,99.93,99.94,99.95,,,,,,,,,,,,,,,,,,,,,,,,,,,,,,,,,,
"l11-3",99.67,99.69,99.77,99.73,99.77,99.78,99.79,99.81,99.77,99.74,99.71,99.62,99.51,99.74,99.72,99.79,99.74,99.79,99.78,99.78,99.79,99.77,99.8,99.82,99.78,99.78,98.38,95.5,99.78,99.59,99.79,99.69,99.2,99.77,94.26,99.69,99.39,99.82,99.55,99.71,99.74,99.5,99.65,84.62,96.83,99.72,99.78,99.6,99.74,99.73,99.76,99.78,99.76,99.76,99.72,99.71,99.06,99.27,99.78,99.75,99.79,99.75,99.69,99.76,99.65,99.58,99.73,99.74,99.8,99.38,99.79,99.76,99.81,99.82,99.82,99.79,99.77,99.82,99.8,99.67,99.84,99.77,99.83,99.81,99.76,99.82,99.79,99.77,99.79,99.81,99.84,99.77,99.77,99.84,99.86,,,,,,,,,,,,,,,,,,,,,,,,,,,,,,,,,
"l11-4",99.4,99.48,99.58,99.65,99.61,99.65,99.62,99.62,99.56,99.51,99.64,99.59,99.65,99.61,99.64,99.59,99.5,99.56,99.59,99.62,99.6,99.66,99.62,99.63,99.52,99.63,98.43,95.38,99.62,99.39,99.6,99.43,99.2,99.62,94.61,99.59,99.28,99.71,99.37,99.63,99.49,99.29,99.5,84.76,97.05,99.57,99.64,99.42,99.49,99.53,99.58,99.65,99.58,99.61,99.55,99.44,98.88,99.22,99.61,99.59,99.63,99.57,99.44,99.59,99.41,99.38,99.5,99.56,99.64,99.33,99.63,99.68,99.65,99.69,99.71,99.75,99.69,99.77,99.7,99.54,99.76,99.7,99.79,99.78,99.77,99.82,99.73,99.67,99.68,99.79,99.79,99.83,99.84,99.85,99.85,99.88,,,,,,,,,,,,,,,,,,,,,,,,,,,,,,,,
"f12-1",99.37,99.47,99.57,99.65,99.6,99.64,99.59,99.61,99.54,99.47,99.62,99.58,99.64,99.59,99.63,99.57,99.48,99.53,99.57,99.6,99.57,99.65,99.61,99.61,99.51,99.6,98.42,95.51,99.61,99.36,99.59,99.39,99.2,99.59,94.75,99.56,99.27,99.7,99.35,99.62,99.49,99.3,99.5,84.7,97.05,99.55,99.64,99.41,99.45,99.49,99.54,99.61,99.53,99.58,99.51,99.4,98.81,99.19,99.57,99.54,99.59,99.51,99.39,99.55,99.35,99.31,99.45,99.52,99.61,99.33,99.59,99.64,99.63,99.65,99.68,99.72,99.66,99.73,99.66,99.5,99.73,99.63,99.75,99.73,99.73,99.79,99.69,99.62,99.63,99.75,99.76,99.81,99.81,99.84,99.82,99.88,99.98,,,,,,,,,,,,,,,,,,,,,,,,,,,,,,,
"f12-2",98.44,98.71,98.74,98.96,98.79,98.89,98.8,98.81,98.67,98.54,98.9,98.91,99.21,98.76,98.9,98.72,98.6,98.63,98.67,98.78,98.72,98.86,98.76,98.82,98.61,98.79,98.11,95.74,98.75,98.44,98.7,98.46,98.68,98.78,95.24,98.81,98.51,98.92,98.49,98.91,98.56,98.54,98.62,83.78,96.95,98.7,98.78,98.48,98.49,98.58,98.65,98.71,98.62,98.67,98.6,98.42,97.96,98.68,98.64,98.63,98.67,98.57,98.4,98.66,98.37,98.33,98.48,98.58,98.7,98.68,98.66,98.76,99,98.98,99.06,99.21,99,99.2,99.03,98.93,99.11,98.95,99.15,99.12,99.16,99.26,99.08,98.93,98.98,99.15,99.14,99.34,99.33,99.32,99.3,99.26,99.63,99.65,,,,,,,,,,,,,,,,,,,,,,,,,,,,,,
"f12-3",99.64,99.67,99.76,99.72,99.76,99.74,99.78,99.79,99.75,99.73,99.7,99.59,99.51,99.73,99.71,99.78,99.72,99.76,99.76,99.74,99.76,99.75,99.77,99.78,99.75,99.77,98.4,95.55,99.77,99.57,99.77,99.66,99.19,99.76,94.29,99.68,99.38,99.81,99.53,99.69,99.73,99.46,99.65,84.75,96.83,99.69,99.77,99.55,99.69,99.71,99.76,99.79,99.76,99.75,99.72,99.69,99.05,99.32,99.78,99.76,99.78,99.75,99.7,99.75,99.64,99.58,99.72,99.72,99.79,99.35,99.77,99.75,99.78,99.79,99.78,99.77,99.77,99.79,99.78,99.63,99.82,99.76,99.81,99.8,99.74,99.82,99.78,99.75,99.77,99.8,99.81,99.76,99.77,99.83,99.86,99.96,99.9,99.91,99.32,,,,,,,,,,,,,,,,,,,,,,,,,,,,,
"f12-4",98.73,98.97,99.04,99.28,99.1,99.22,99.09,99.1,98.96,98.85,99.24,99.27,99.53,99.1,99.24,99.01,98.89,98.94,99,99.12,99.04,99.21,99.09,99.12,98.89,99.09,98.26,95.34,99.07,98.77,99.02,98.74,98.9,99.07,95.27,99.11,98.82,99.23,98.79,99.22,98.85,98.83,98.96,84.32,97.06,99.05,99.13,98.84,98.81,98.89,98.96,99.04,98.92,99.01,98.92,98.71,98.24,98.77,98.95,98.93,99,98.87,98.69,98.96,98.66,98.65,98.79,98.93,99.04,98.99,99,99.12,99.17,99.21,99.28,99.43,99.22,99.41,99.24,99.08,99.34,99.17,99.4,99.36,99.42,99.46,99.3,99.17,99.18,99.38,99.38,99.58,99.57,99.55,99.51,99.49,99.8,99.82,99.93,99.52,,,,,,,,,,,,,,,,,,,,,,,,,,,,
"i12-1",99.81,99.81,99.89,99.84,99.9,99.88,99.9,99.91,99.89,99.88,99.84,99.73,99.59,99.88,99.84,99.91,99.87,99.91,99.92,99.9,99.92,99.9,99.93,99.92,99.88,99.88,98.44,95.03,99.9,99.76,99.9,99.81,99.24,99.88,93.95,99.79,99.46,99.93,99.67,99.82,99.86,99.51,99.79,85.01,96.73,99.87,99.91,99.73,99.87,99.86,99.9,99.91,99.89,99.89,99.86,99.83,99.22,99.27,99.9,99.88,99.92,99.87,99.8,99.89,99.79,99.73,99.86,99.88,99.92,99.39,99.92,99.89,99.78,99.84,99.81,99.79,99.77,99.8,99.78,99.64,99.84,99.78,99.82,99.82,99.76,99.79,99.78,99.79,99.8,99.81,99.83,99.76,99.76,99.81,99.85,99.94,99.79,99.79,99.01,99.93,99.3,,,,,,,,,,,,,,,,,,,,,,,,,,,
"i12-2",99.29,99.39,99.49,99.58,99.52,99.56,99.53,99.55,99.45,99.37,99.53,99.5,99.59,99.49,99.53,99.5,99.4,99.43,99.46,99.49,99.47,99.55,99.5,99.53,99.44,99.5,98.42,95.64,99.5,99.23,99.48,99.28,99.19,99.5,95.02,99.49,99.16,99.6,99.25,99.55,99.4,99.28,99.38,84.64,97.13,99.42,99.52,99.27,99.33,99.4,99.45,99.49,99.43,99.46,99.41,99.3,98.64,99.14,99.45,99.45,99.46,99.4,99.28,99.45,99.23,99.19,99.34,99.4,99.5,99.28,99.46,99.51,99.59,99.57,99.61,99.67,99.58,99.68,99.59,99.45,99.66,99.56,99.68,99.65,99.64,99.72,99.61,99.52,99.57,99.67,99.68,99.74,99.73,99.76,99.78,99.82,99.96,99.97,99.74,99.84,99.87,99.69,,,,,,,,,,,,,,,,,,,,,,,,,,
"i12-3",99.65,99.66,99.76,99.73,99.76,99.78,99.78,99.79,99.76,99.73,99.74,99.65,99.59,99.76,99.76,99.78,99.72,99.78,99.78,99.78,99.78,99.79,99.8,99.8,99.74,99.79,98.42,95.33,99.79,99.63,99.8,99.68,99.22,99.78,94.2,99.71,99.41,99.83,99.55,99.73,99.72,99.44,99.67,84.83,96.91,99.74,99.8,99.62,99.74,99.73,99.77,99.82,99.77,99.79,99.74,99.7,99.1,99.31,99.8,99.78,99.81,99.78,99.69,99.78,99.66,99.62,99.74,99.77,99.82,99.38,99.81,99.82,99.78,99.83,99.82,99.8,99.8,99.83,99.82,99.67,99.86,99.82,99.87,99.86,99.82,99.86,99.83,99.81,99.81,99.86,99.87,99.83,99.84,99.88,99.89,99.97,99.92,99.91,99.32,99.96,99.55,99.94,99.85,,,,,,,,,,,,,,,,,,,,,,,,,
"i12-4",99.61,99.61,99.73,99.67,99.73,99.71,99.78,99.76,99.69,99.71,99.68,99.57,99.52,99.69,99.68,99.77,99.7,99.74,99.72,99.68,99.75,99.68,99.72,99.75,99.7,99.75,98.34,95.43,99.72,99.56,99.73,99.66,99.2,99.77,94.16,99.66,99.31,99.78,99.5,99.69,99.67,99.4,99.59,85.14,96.95,99.64,99.71,99.49,99.68,99.7,99.78,99.8,99.79,99.74,99.72,99.68,99,99.3,99.82,99.81,99.79,99.79,99.74,99.78,99.68,99.63,99.75,99.71,99.79,99.32,99.77,99.77,99.78,99.79,99.79,99.74,99.81,99.8,99.81,99.65,99.82,99.83,99.83,99.83,99.75,99.83,99.81,99.75,99.82,99.83,99.82,99.76,99.79,99.8,99.87,99.89,99.89,99.85,99.26,99.93,99.47,99.88,99.81,99.93,,,,,,,,,,,,,,,,,,,,,,,,
"l12-1",99.35,99.45,99.55,99.62,99.57,99.63,99.59,99.59,99.51,99.47,99.62,99.57,99.64,99.57,99.64,99.56,99.46,99.53,99.55,99.58,99.57,99.62,99.58,99.6,99.48,99.6,98.42,95.48,99.59,99.37,99.57,99.4,99.17,99.59,94.63,99.55,99.27,99.68,99.33,99.61,99.45,99.26,99.47,84.8,97.08,99.54,99.6,99.37,99.45,99.48,99.55,99.61,99.54,99.57,99.51,99.39,98.86,99.21,99.58,99.55,99.59,99.53,99.41,99.56,99.37,99.34,99.47,99.53,99.6,99.29,99.58,99.65,99.63,99.68,99.7,99.73,99.69,99.76,99.7,99.53,99.75,99.69,99.79,99.78,99.76,99.82,99.73,99.65,99.67,99.78,99.78,99.82,99.83,99.84,99.83,99.87,99.98,99.98,99.65,99.9,99.81,99.78,99.95,99.93,99.88,,,,,,,,,,,,,,,,,,,,,,,
"l12-2",99.25,99.38,99.49,99.6,99.52,99.59,99.54,99.51,99.42,99.38,99.62,99.58,99.71,99.54,99.63,99.49,99.38,99.45,99.49,99.54,99.52,99.58,99.52,99.55,99.36,99.53,98.42,95.22,99.51,99.31,99.48,99.3,99.11,99.54,94.67,99.51,99.19,99.63,99.25,99.59,99.33,99.16,99.39,85.12,97.1,99.49,99.54,99.28,99.35,99.41,99.49,99.55,99.46,99.51,99.46,99.28,98.79,99.12,99.51,99.48,99.53,99.45,99.31,99.48,99.29,99.28,99.38,99.46,99.54,99.24,99.52,99.61,99.55,99.64,99.66,99.72,99.64,99.74,99.65,99.46,99.7,99.65,99.76,99.75,99.75,99.78,99.71,99.61,99.62,99.75,99.74,99.83,99.84,99.81,99.81,99.76,99.95,99.93,99.66,99.81,99.82,99.69,99.91,99.84,99.85,99.95,,,,,,,,,,,,,,,,,,,,,,
"f13-1",98.97,99.16,99.23,99.4,99.27,99.4,99.24,99.26,99.2,99.13,99.43,99.4,99.5,99.33,99.44,99.2,99.1,99.22,99.26,99.37,99.26,99.42,99.32,99.3,99.11,99.29,97.77,94.75,99.31,99.1,99.26,99.02,98.87,99.28,94.35,99.25,98.88,99.4,99.02,99.34,99.08,98.89,99.21,85.04,96.63,99.33,99.34,99.14,99.1,99.16,99.19,99.28,99.13,99.27,99.15,98.98,98.37,98.75,99.19,99.14,99.26,99.11,98.95,99.19,98.96,98.96,99.07,99.23,99.28,98.99,99.27,99.39,99.18,99.35,99.33,99.47,99.47,99.43,99.31,99.03,99.43,99.28,99.47,99.45,99.5,99.49,99.39,99.34,99.26,99.45,99.45,99.57,99.56,99.55,99.49,99.54,99.64,99.67,99.28,99.56,99.51,99.46,99.57,99.59,99.46,99.67,99.65,,,,,,,,,,,,,,,,,,,,,
"f13-2",99.15,99.27,99.36,99.45,99.39,99.45,99.41,99.42,99.34,99.28,99.45,99.4,99.52,99.39,99.46,99.38,99.27,99.34,99.37,99.41,99.38,99.45,99.41,99.42,99.3,99.44,98.34,95.65,99.42,99.17,99.4,99.2,99.04,99.42,94.67,99.38,99.13,99.53,99.17,99.44,99.26,99.1,99.29,84.59,97,99.35,99.44,99.19,99.25,99.28,99.37,99.45,99.37,99.39,99.32,99.21,98.72,99.15,99.42,99.38,99.43,99.36,99.25,99.39,99.18,99.15,99.29,99.34,99.43,99.19,99.42,99.49,99.53,99.56,99.59,99.63,99.58,99.67,99.6,99.44,99.65,99.58,99.69,99.67,99.68,99.75,99.64,99.55,99.56,99.69,99.69,99.76,99.78,99.78,99.75,99.78,99.95,99.96,99.75,99.84,99.86,99.65,99.94,99.84,99.8,99.97,99.93,99.63,,,,,,,,,,,,,,,,,,,,
"f13-3",99.64,99.64,99.76,99.74,99.77,99.77,99.79,99.78,99.75,99.74,99.76,99.66,99.62,99.77,99.78,99.79,99.71,99.78,99.79,99.77,99.79,99.78,99.79,99.79,99.72,99.78,98.43,95.15,99.79,99.64,99.79,99.68,99.21,99.79,94.08,99.7,99.42,99.83,99.54,99.73,99.7,99.39,99.67,85.16,96.93,99.73,99.79,99.58,99.73,99.74,99.8,99.84,99.79,99.81,99.77,99.69,99.12,99.29,99.82,99.8,99.83,99.8,99.71,99.79,99.69,99.67,99.76,99.79,99.84,99.35,99.82,99.85,99.77,99.83,99.82,99.8,99.81,99.84,99.83,99.67,99.85,99.85,99.87,99.88,99.83,99.87,99.84,99.81,99.82,99.88,99.87,99.84,99.85,99.86,99.89,99.92,99.91,99.88,99.28,99.94,99.52,99.92,99.83,99.97,99.96,99.91,99.87,99.57,99.82,,,,,,,,,,,,,,,,,,,
"f13-4",99.56,99.56,99.68,99.63,99.68,99.67,99.73,99.71,99.66,99.66,99.64,99.54,99.51,99.66,99.64,99.73,99.65,99.69,99.69,99.65,99.7,99.66,99.69,99.71,99.66,99.71,98.36,95.45,99.68,99.51,99.7,99.6,99.19,99.73,94.19,99.63,99.31,99.75,99.47,99.65,99.62,99.38,99.56,85.02,96.93,99.61,99.68,99.47,99.64,99.67,99.73,99.77,99.75,99.71,99.69,99.63,98.98,99.29,99.78,99.76,99.76,99.76,99.68,99.75,99.63,99.59,99.71,99.68,99.76,99.33,99.75,99.76,99.79,99.78,99.79,99.75,99.8,99.81,99.81,99.66,99.82,99.84,99.84,99.84,99.77,99.85,99.81,99.76,99.81,99.85,99.84,99.79,99.82,99.83,99.88,99.9,99.92,99.89,99.35,99.93,99.55,99.87,99.86,99.94,99.98,99.91,99.87,99.48,99.84,99.97,,,,,,,,,,,,,,,,,,
"i13-1",99.75,99.68,99.78,99.66,99.76,99.73,99.81,99.82,99.79,99.82,99.68,99.55,99.4,99.75,99.67,99.84,99.79,99.83,99.81,99.76,99.81,99.72,99.79,99.81,99.82,99.81,98.28,95.31,99.8,99.69,99.84,99.78,99.22,99.82,93.76,99.68,99.35,99.82,99.57,99.7,99.79,99.42,99.69,84.9,96.74,99.7,99.79,99.6,99.82,99.8,99.87,99.89,99.9,99.83,99.81,99.83,99.13,99.33,99.93,99.9,99.9,99.91,99.88,99.89,99.82,99.73,99.89,99.82,99.89,99.32,99.89,99.85,99.79,99.8,99.8,99.67,99.8,99.74,99.81,99.65,99.82,99.82,99.81,99.79,99.72,99.8,99.79,99.76,99.83,99.8,99.82,99.68,99.7,99.78,99.82,99.89,99.75,99.73,98.94,99.88,99.2,99.91,99.65,99.9,99.91,99.74,99.63,99.32,99.62,99.89,99.89,,,,,,,,,,,,,,,,,
"i13-2",99.21,99.12,99.22,99.13,99.23,99.19,99.26,99.25,99.27,99.29,99.18,99.04,98.93,99.24,99.18,99.29,99.22,99.29,99.29,99.24,99.29,99.21,99.27,99.25,99.25,99.31,97.86,94.73,99.29,99.19,99.32,99.26,98.58,99.29,93.39,99.17,98.57,99.31,99.04,99.19,99.22,98.91,99.19,84.33,96.61,99.2,99.28,99.1,99.27,99.26,99.32,99.39,99.33,99.33,99.3,99.29,98.57,98.84,99.39,99.34,99.38,99.37,99.32,99.34,99.28,99.26,99.33,99.32,99.36,98.91,99.37,99.38,99.27,99.33,99.3,99.21,99.31,99.28,99.35,99.15,99.36,99.37,99.33,99.33,99.29,99.38,99.35,99.34,99.33,99.35,99.35,99.27,99.29,99.33,99.35,99.34,99.28,99.24,98.53,99.37,98.76,99.37,99.14,99.38,99.4,99.27,99.2,98.87,99.16,99.4,99.37,99.41,,,,,,,,,,,,,,,,
"i13-3",99.28,99.33,99.43,99.46,99.45,99.47,99.49,99.49,99.43,99.38,99.47,99.4,99.49,99.44,99.46,99.47,99.37,99.42,99.44,99.44,99.45,99.47,99.47,99.47,99.41,99.51,98.36,95.71,99.49,99.27,99.5,99.34,99.12,99.51,94.5,99.45,99.15,99.58,99.24,99.49,99.37,99.15,99.37,84.39,97.02,99.39,99.5,99.27,99.37,99.41,99.49,99.56,99.51,99.5,99.44,99.36,98.77,99.27,99.55,99.53,99.54,99.52,99.41,99.52,99.34,99.29,99.43,99.44,99.54,99.23,99.53,99.58,99.61,99.6,99.63,99.62,99.67,99.67,99.65,99.49,99.7,99.66,99.72,99.7,99.7,99.78,99.67,99.58,99.63,99.73,99.73,99.75,99.77,99.78,99.78,99.79,99.94,99.93,99.63,99.84,99.75,99.68,99.91,99.85,99.85,99.94,99.89,99.54,99.94,99.84,99.89,99.74,99.26,,,,,,,,,,,,,,,
"i13-4",99.47,99.51,99.61,99.63,99.62,99.64,99.65,99.65,99.59,99.56,99.64,99.56,99.59,99.62,99.63,99.63,99.54,99.61,99.61,99.62,99.63,99.64,99.63,99.65,99.59,99.67,98.43,95.52,99.65,99.45,99.65,99.51,99.19,99.67,94.44,99.6,99.29,99.73,99.4,99.65,99.55,99.32,99.54,84.74,97.01,99.57,99.66,99.44,99.53,99.58,99.65,99.7,99.65,99.65,99.61,99.52,98.91,99.3,99.69,99.65,99.68,99.65,99.56,99.65,99.51,99.46,99.59,99.61,99.69,99.34,99.68,99.72,99.71,99.73,99.75,99.74,99.76,99.78,99.76,99.59,99.8,99.75,99.81,99.8,99.77,99.86,99.78,99.7,99.74,99.82,99.81,99.83,99.83,99.86,99.86,99.86,99.96,99.94,99.54,99.9,99.7,99.79,99.91,99.91,99.91,99.95,99.91,99.59,99.91,99.92,99.93,99.82,99.38,99.95,,,,,,,,,,,,,,
"l13-1",98.8,98.95,99.02,99.14,99.06,99.1,99.1,99.11,98.99,98.9,99.1,99.09,99.3,99.02,99.09,99.06,98.93,98.96,99,99.03,99.02,99.08,99.05,99.08,98.97,99.11,98.2,95.91,99.07,98.78,99.06,98.84,98.9,99.11,94.84,99.08,98.8,99.2,98.82,99.16,98.93,98.79,98.94,84.01,97,98.95,99.08,98.81,98.87,98.94,99.04,99.11,99.06,99.03,98.98,98.86,98.29,99.03,99.1,99.09,99.09,99.05,98.91,99.09,98.83,98.76,98.95,98.96,99.09,98.93,99.07,99.14,99.29,99.24,99.31,99.34,99.34,99.39,99.32,99.18,99.38,99.29,99.42,99.37,99.4,99.51,99.35,99.2,99.29,99.42,99.42,99.52,99.53,99.53,99.53,99.5,99.8,99.8,99.85,99.58,99.86,99.32,99.85,99.58,99.59,99.81,99.78,99.36,99.88,99.56,99.65,99.38,98.91,99.9,99.78,,,,,,,,,,,,,
"l13-2",99.45,99.44,99.56,99.57,99.57,99.61,99.6,99.62,99.57,99.57,99.62,99.54,99.5,99.6,99.61,99.61,99.51,99.62,99.61,99.62,99.62,99.63,99.62,99.61,99.56,99.66,98.23,95.08,99.66,99.5,99.66,99.53,99.04,99.66,94.04,99.58,99.23,99.72,99.4,99.63,99.53,99.3,99.55,84.95,96.9,99.59,99.66,99.47,99.57,99.58,99.65,99.73,99.66,99.68,99.63,99.55,98.89,99.15,99.72,99.68,99.72,99.69,99.6,99.68,99.54,99.53,99.62,99.66,99.71,99.3,99.71,99.76,99.64,99.71,99.71,99.65,99.75,99.71,99.74,99.51,99.78,99.74,99.79,99.77,99.76,99.82,99.76,99.69,99.71,99.78,99.8,99.77,99.77,99.82,99.78,99.82,99.83,99.81,99.15,99.84,99.41,99.78,99.72,99.86,99.83,99.82,99.75,99.52,99.74,99.86,99.84,99.82,99.38,99.81,99.87,99.5,,,,,,,,,,,,
"l13-3",99.41,99.33,99.52,99.46,99.53,99.51,99.56,99.56,99.52,99.52,99.51,99.4,99.38,99.51,99.49,99.56,99.5,99.55,99.57,99.55,99.55,99.54,99.57,99.55,99.54,99.58,98,94.88,99.57,99.38,99.59,99.47,98.84,99.59,93.56,99.47,99.35,99.61,99.35,99.5,99.5,99.09,99.46,84.46,96.27,99.49,99.58,99.38,99.53,99.52,99.63,99.68,99.65,99.61,99.55,99.51,98.91,99.2,99.69,99.65,99.67,99.65,99.57,99.65,99.53,99.43,99.61,99.59,99.67,99.2,99.67,99.7,99.53,99.59,99.59,99.51,99.6,99.58,99.61,99.39,99.65,99.64,99.67,99.64,99.62,99.65,99.62,99.57,99.61,99.65,99.66,99.59,99.62,99.66,99.68,99.68,99.68,99.65,98.97,99.72,99.24,99.7,99.58,99.75,99.76,99.68,99.59,99.27,99.58,99.76,99.75,99.79,99.26,99.7,99.73,99.41,99.7,,,,,,,,,,,
"l13-4",99.4,99.44,99.54,99.59,99.57,99.59,99.58,99.61,99.55,99.49,99.57,99.52,99.57,99.55,99.55,99.57,99.48,99.53,99.56,99.58,99.56,99.61,99.6,99.59,99.54,99.61,98.4,95.46,99.61,99.35,99.6,99.42,99.19,99.6,94.53,99.55,99.25,99.68,99.36,99.6,99.49,99.29,99.5,84.47,96.97,99.52,99.63,99.44,99.48,99.51,99.57,99.64,99.59,99.59,99.52,99.46,98.84,99.23,99.62,99.59,99.63,99.58,99.47,99.61,99.41,99.34,99.51,99.54,99.64,99.36,99.63,99.68,99.65,99.64,99.67,99.67,99.68,99.7,99.67,99.51,99.75,99.66,99.75,99.72,99.72,99.8,99.68,99.62,99.66,99.75,99.78,99.79,99.78,99.84,99.82,99.86,99.95,99.95,99.54,99.87,99.72,99.77,99.92,99.89,99.84,99.92,99.84,99.55,99.9,99.85,99.88,99.79,99.31,99.95,99.95,99.8,99.85,99.72,,,,,,,,,,
"f14-1",99.5,99.53,99.63,99.62,99.63,99.64,99.64,99.65,99.61,99.57,99.64,99.6,99.53,99.62,99.62,99.63,99.56,99.6,99.63,99.62,99.65,99.64,99.64,99.66,99.56,99.64,98.27,95.04,99.65,99.49,99.64,99.53,99.27,99.65,94.17,99.57,99.16,99.69,99.47,99.62,99.56,99.32,99.53,85.15,97.04,99.6,99.66,99.45,99.58,99.58,99.63,99.66,99.62,99.64,99.61,99.53,98.87,99.05,99.63,99.64,99.64,99.62,99.51,99.63,99.52,99.46,99.57,99.6,99.65,99.19,99.64,99.67,99.6,99.66,99.64,99.66,99.65,99.67,99.63,99.47,99.69,99.65,99.68,99.7,99.64,99.69,99.65,99.62,99.63,99.69,99.68,99.68,99.68,99.69,99.72,99.73,99.73,99.72,99.15,99.73,99.37,99.74,99.66,99.77,99.76,99.72,99.69,99.42,99.63,99.77,99.75,99.7,99.16,99.68,99.73,99.41,99.65,99.34,99.69,,,,,,,,,
"f14-2",99.37,99.39,99.5,99.48,99.5,99.51,99.57,99.56,99.48,99.48,99.49,99.41,99.43,99.49,99.49,99.55,99.46,99.51,99.51,99.49,99.52,99.5,99.51,99.54,99.5,99.57,98.31,95.68,99.54,99.35,99.56,99.43,99.14,99.58,94.27,99.48,99.19,99.63,99.3,99.53,99.45,99.22,99.42,84.71,96.95,99.43,99.54,99.3,99.46,99.49,99.58,99.64,99.61,99.56,99.52,99.47,98.85,99.29,99.67,99.64,99.64,99.64,99.56,99.63,99.47,99.4,99.56,99.52,99.62,99.25,99.61,99.64,99.67,99.65,99.68,99.6,99.71,99.69,99.71,99.54,99.73,99.72,99.76,99.73,99.7,99.79,99.72,99.62,99.7,99.75,99.76,99.72,99.75,99.78,99.79,99.82,99.91,99.88,99.46,99.87,99.61,99.74,99.86,99.88,99.92,99.91,99.85,99.46,99.88,99.88,99.94,99.85,99.32,99.96,99.94,99.8,99.83,99.76,99.92,99.69,,,,,,,,
"f14-3",99,99.03,99.1,99.06,99.11,99.09,99.14,99.15,99.1,99.07,99.06,98.99,98.99,99.09,99.08,99.14,99.06,99.09,99.1,99.08,99.1,99.08,99.1,99.12,99.08,99.1,98.52,95.05,99.14,98.96,99.14,99.02,98.44,99.14,93.61,99.05,98.83,99.2,98.88,99.12,99.05,98.69,98.97,84.12,96.04,99.02,99.13,98.88,99.04,99.02,99.13,99.18,99.16,99.12,99.12,99.05,98.74,99,99.18,99.18,99.17,99.15,99.08,99.16,99.01,98.91,99.1,99.08,99.16,98.83,99.14,99.14,99.17,99.15,99.17,99.12,99.16,99.17,99.17,99.12,99.19,99.2,99.22,99.21,99.16,99.25,99.18,99.11,99.18,99.23,99.24,99.2,99.23,99.23,99.26,99.34,99.37,99.36,98.92,99.36,99.05,99.27,99.32,99.38,99.39,99.38,99.35,98.89,99.33,99.38,99.39,99.32,98.82,99.41,99.42,99.25,99.24,99.22,99.37,99.19,99.44,,,,,,,
"f14-4",98.93,99.08,99.17,99.29,99.19,99.26,99.24,99.24,99.11,99.04,99.27,99.24,99.44,99.18,99.26,99.18,99.06,99.11,99.13,99.18,99.17,99.23,99.18,99.22,99.09,99.24,98.29,95.72,99.19,98.92,99.18,98.97,98.99,99.24,94.95,99.21,98.92,99.34,98.93,99.3,99.04,98.94,99.08,84.37,97.06,99.11,99.22,98.93,99,99.07,99.18,99.24,99.18,99.16,99.11,98.97,98.45,99.05,99.22,99.2,99.22,99.16,99.03,99.2,98.96,98.9,99.07,99.1,99.22,99.07,99.2,99.28,99.38,99.36,99.42,99.47,99.43,99.51,99.43,99.26,99.48,99.4,99.53,99.49,99.51,99.61,99.47,99.32,99.4,99.52,99.52,99.62,99.63,99.64,99.63,99.59,99.86,99.86,99.84,99.65,99.89,99.42,99.9,99.66,99.68,99.87,99.87,99.46,99.92,99.66,99.73,99.47,99,99.92,99.86,99.97,99.6,99.49,99.85,99.5,99.85,99.28,,,,,,
"i14-1",97.38,97.75,97.79,98.08,97.86,97.97,97.84,97.84,97.6,97.46,97.9,97.97,98.27,97.78,97.87,97.66,97.57,97.52,97.6,97.73,97.69,97.87,97.73,97.8,97.57,97.77,96.94,94.96,97.71,97.27,97.64,97.3,97.78,97.69,96.06,97.83,96.88,97.92,97.33,97.98,97.53,98.23,97.58,83.19,95.99,97.65,97.77,97.41,97.33,97.43,97.54,97.58,97.48,97.52,97.43,97.29,96.25,97.32,97.48,97.49,97.55,97.36,97.18,97.54,97.12,97.03,97.31,97.41,97.55,98.54,97.5,97.62,97.79,97.71,97.8,98.08,97.78,97.99,97.71,97.56,97.89,97.59,97.89,97.83,97.88,98.05,97.79,97.62,97.69,97.89,97.89,98.16,98.12,98.13,98.14,98.15,98.44,98.54,98.78,98.19,98.81,97.93,98.64,98.13,98.07,98.44,98.45,98.32,98.52,98.04,98.13,97.8,97.98,98.42,98.36,98.65,97.99,97.74,98.44,98.05,98.25,97.67,98.67,,,,,
"i14-2",99.39,99.42,99.52,99.56,99.54,99.57,99.57,99.56,99.51,99.49,99.59,99.49,99.54,99.56,99.58,99.55,99.45,99.52,99.55,99.56,99.56,99.58,99.56,99.56,99.47,99.59,98.38,95.13,99.59,99.42,99.58,99.43,99.01,99.59,94.37,99.52,99.05,99.66,99.29,99.58,99.45,99.23,99.47,84.59,97.04,99.52,99.59,99.35,99.46,99.47,99.57,99.64,99.57,99.59,99.53,99.45,98.87,99.17,99.61,99.58,99.63,99.58,99.47,99.58,99.43,99.39,99.51,99.55,99.61,99.31,99.61,99.67,99.56,99.63,99.65,99.63,99.64,99.67,99.66,99.45,99.7,99.66,99.72,99.71,99.7,99.76,99.69,99.62,99.63,99.72,99.72,99.74,99.75,99.76,99.76,99.73,99.81,99.79,99.33,99.77,99.52,99.7,99.73,99.8,99.79,99.82,99.78,99.45,99.76,99.81,99.8,99.71,99.7,99.8,99.85,99.59,99.77,99.64,99.81,99.61,99.8,99.31,99.68,98.51,,,,
"l14-1",99.68,99.65,99.77,99.73,99.77,99.76,99.8,99.8,99.77,99.78,99.76,99.65,99.6,99.77,99.75,99.8,99.74,99.8,99.79,99.78,99.8,99.77,99.8,99.8,99.76,99.82,98.38,95.18,99.81,99.66,99.82,99.73,99.24,99.83,94.01,99.73,99.38,99.85,99.57,99.75,99.74,99.42,99.7,84.85,96.91,99.75,99.8,99.6,99.77,99.78,99.85,99.88,99.85,99.83,99.8,99.74,99.11,99.34,99.88,99.85,99.87,99.85,99.78,99.84,99.75,99.69,99.82,99.82,99.87,99.38,99.87,99.87,99.79,99.83,99.83,99.78,99.83,99.82,99.83,99.66,99.87,99.86,99.87,99.87,99.82,99.88,99.85,99.81,99.84,99.87,99.87,99.83,99.84,99.87,99.89,99.89,99.89,99.85,99.21,99.92,99.45,99.91,99.78,99.94,99.94,99.87,99.81,99.5,99.77,99.96,99.94,99.93,99.44,99.86,99.93,99.56,99.89,99.81,99.88,99.77,99.9,99.36,99.65,98.03,99.82,,,
"l14-2",99.76,99.65,99.76,99.64,99.75,99.7,99.78,99.81,99.81,99.82,99.67,99.53,99.39,99.74,99.64,99.83,99.78,99.82,99.82,99.76,99.8,99.72,99.8,99.79,99.83,99.81,98.26,95.04,99.81,99.69,99.85,99.79,99.18,99.82,93.49,99.69,99.36,99.81,99.59,99.69,99.79,99.38,99.7,84.77,96.63,99.72,99.8,99.64,99.84,99.84,99.87,99.91,99.91,99.86,99.84,99.84,99.13,99.32,99.93,99.9,99.9,99.92,99.88,99.9,99.84,99.76,99.89,99.85,99.91,99.31,99.91,99.88,99.79,99.8,99.79,99.67,99.81,99.73,99.8,99.65,99.83,99.84,99.8,99.8,99.73,99.79,99.78,99.78,99.82,99.81,99.83,99.7,99.71,99.77,99.82,99.84,99.74,99.7,98.88,99.84,99.15,99.89,99.62,99.87,99.88,99.69,99.61,99.27,99.57,99.87,99.87,99.96,99.45,99.72,99.81,99.33,99.81,99.77,99.79,99.68,99.8,99.27,99.42,97.69,99.7,99.93,,
"l14-3",99.76,99.68,99.78,99.69,99.78,99.76,99.79,99.81,99.83,99.84,99.74,99.61,99.44,99.81,99.74,99.83,99.79,99.86,99.87,99.84,99.85,99.8,99.86,99.83,99.83,99.83,98.24,94.81,99.85,99.75,99.89,99.79,99.11,99.83,93.31,99.7,99.45,99.85,99.62,99.72,99.8,99.35,99.75,84.88,96.48,99.8,99.86,99.72,99.87,99.84,99.88,99.92,99.89,99.89,99.84,99.83,99.25,99.25,99.93,99.87,99.93,99.91,99.85,99.9,99.84,99.77,99.9,99.89,99.94,99.3,99.95,99.92,99.74,99.82,99.8,99.7,99.78,99.75,99.79,99.63,99.83,99.81,99.82,99.81,99.78,99.8,99.8,99.81,99.8,99.82,99.86,99.73,99.74,99.81,99.81,99.87,99.71,99.69,98.81,99.85,99.12,99.93,99.56,99.88,99.82,99.68,99.58,99.37,99.55,99.87,99.82,99.94,99.42,99.64,99.76,99.22,99.8,99.73,99.74,99.68,99.73,99.21,99.33,97.61,99.67,99.9,99.94,
